influencer,location,latitude,longitude,datetime
valentinaferragni,"Bari, Italy",41.1257843,16.8620293,2017-01-01T10:18:51.000Z
valentinaferragni,Borgo Egnazia Hotel Ville Spa Golf,40.875360,17.396381,2017-01-01T12:18:00.000Z
valentinaferragni,Borgo Egnazia Hotel Ville Spa Golf,40.875360,17.396381,2017-01-01T19:08:47.000Z
valentinaferragni,"Los Angeles, California",34.0536909,-118.2427666,2017-01-02T17:04:13.000Z
valentinaferragni,"Los Angeles, California",34.0536909,-118.2427666,2017-01-03T17:33:23.000Z
valentinaferragni,"Genova, Italy",44.40726,8.9338624,2017-01-03T19:42:51.000Z
valentinaferragni,"Piazza De Ferrari, Genova",44.40732635,8.93387969782881,2017-01-04T19:20:50.000Z
valentinaferragni,"Florence, Italy",43.7698712,11.2555757,2017-01-10T12:25:01.000Z
valentinaferragni,"Rome, Italy",41.894802,12.4853384,2017-01-12T13:27:57.000Z
valentinaferragni,Louis Vuitton,48.8680878,2.3298073,2017-01-12T18:19:53.000Z
valentinaferragni,Palazzo Dama,41.91047795,12.4735253499191,2017-01-13T12:13:27.000Z
valentinaferragni,"Milan, Italy",45.4667971,9.1904984,2017-01-13T17:29:46.000Z
valentinaferragni,"Milan, Italy",45.4667971,9.1904984,2017-01-14T22:03:14.000Z
valentinaferragni,"Milan, Italy",45.4667971,9.1904984,2017-01-15T15:37:29.000Z
valentinaferragni,"Milan, Italy",45.4667971,9.1904984,2017-01-15T21:44:22.000Z
valentinaferragni,"Milan, Italy",45.4667971,9.1904984,2017-01-18T13:13:35.000Z
valentinaferragni,Nordic Grill,45.459564,9.176697,2017-01-18T19:49:53.000Z
valentinaferragni,"Genova, Italy",44.40726,8.9338624,2017-01-23T12:31:19.000Z
valentinaferragni,"Milan, Italy",45.4667971,9.1904984,2017-01-27T13:12:11.000Z
valentinaferragni,"New York, New York",40.7127281,-74.0060152,2017-02-06T21:01:38.000Z
valentinaferragni,Aeroporto di Milano Linate,45.44420495,9.27783292215851,2017-02-08T04:27:45.000Z
valentinaferragni,"Los Angeles, California",34.0536909,-118.2427666,2017-02-08T23:53:45.000Z
valentinaferragni,Venice Beach Boardwalk,33.98672195,-118.474123514441,2017-02-09T03:44:18.000Z
valentinaferragni,"Los Angeles, California",34.0536909,-118.2427666,2017-02-09T15:29:12.000Z
valentinaferragni,"New York, New York",40.7127281,-74.0060152,2017-02-10T15:35:48.000Z
valentinaferragni,Schiller's Liquor Bar,40.7194705,-73.9866762,2017-02-11T06:39:16.000Z
valentinaferragni,Tribeca,40.7153802,-74.0093063,2017-02-11T16:55:16.000Z
valentinaferragni,"Times Square, New York City",40.7568162,-73.9860313157245,2017-02-11T23:08:37.000Z
valentinaferragni,"Times Square, New York City",40.7568162,-73.9860313157245,2017-02-12T15:03:16.000Z
valentinaferragni,"Mandarin Oriental, New York",40.7690103,-73.982912,2017-02-12T22:44:20.000Z
valentinaferragni,"New York, New York",40.7127281,-74.0060152,2017-02-13T16:13:01.000Z
valentinaferragni,Balthazar,43.6817057,-0.4881441,2017-02-13T20:53:24.000Z
valentinaferragni,Park Avenue,40.7465396,-73.9818732,2017-02-13T23:02:51.000Z
valentinaferragni,NYPL The New York Public Library,40.573961,-74.112297,2017-02-14T13:50:05.000Z
valentinaferragni,"New York, New York",40.7127281,-74.0060152,2017-02-14T18:29:04.000Z
valentinaferragni,"New York, New York",40.7127281,-74.0060152,2017-02-14T22:19:17.000Z
valentinaferragni,"New York, New York",40.7127281,-74.0060152,2017-02-15T17:03:12.000Z
valentinaferragni,"New York, New York",40.7127281,-74.0060152,2017-02-15T20:25:28.000Z
valentinaferragni,"New York, New York",40.7127281,-74.0060152,2017-02-16T18:34:48.000Z
valentinaferragni,"New York, New York",40.7127281,-74.0060152,2017-02-17T16:31:42.000Z
valentinaferragni,"Milan, Italy",45.4667971,9.1904984,2017-02-18T15:56:14.000Z
valentinaferragni,Duomo di Milano - Milan Cathedral,45.46416835,9.19162110961411,2017-02-18T21:26:56.000Z
valentinaferragni,Rotonda della Besana,45.4597727,9.20595828532474,2017-02-22T17:56:55.000Z
valentinaferragni,"Milan, Italy",45.4667971,9.1904984,2017-02-23T13:14:59.000Z
valentinaferragni,La Rinascente,43.77128005,11.2547030150752,2017-02-24T13:30:27.000Z
valentinaferragni,"Milan, Italy",45.4667971,9.1904984,2017-02-24T17:16:20.000Z
valentinaferragni,"Milan, Italy",45.4667971,9.1904984,2017-02-24T19:06:52.000Z
valentinaferragni,Sforza Castle,45.4702731,9.17813204298408,2017-02-25T19:13:21.000Z
valentinaferragni,"Milan, Italy",45.4667971,9.1904984,2017-02-26T11:57:56.000Z
valentinaferragni,"Milan, Italy",45.4667971,9.1904984,2017-02-27T13:18:27.000Z
valentinaferragni,"Milan, Italy",45.4667971,9.1904984,2017-02-26T17:30:59.000Z
valentinaferragni,Ristorante Al Garghet,45.4424342,9.1832599,2017-02-27T20:14:28.000Z
valentinaferragni,FAI - Villa Necchi Campiglio,45.468990,9.202231,2017-02-28T12:52:57.000Z
valentinaferragni,"Milan, Italy",45.4667971,9.1904984,2017-02-28T16:55:04.000Z
valentinaferragni,"Paris, France",48.8566101,2.3514992,2017-03-01T13:24:23.000Z
valentinaferragni,"Hôtel de Ville, Paris",48.856694,2.352446,2017-03-02T09:06:37.000Z
valentinaferragni,Angelina Paris,48.8650778,2.3284104,2017-03-02T16:43:45.000Z
valentinaferragni,Louvre,48.8611473,2.33802768704666,2017-03-02T19:10:24.000Z
valentinaferragni,Place Vendôme,48.867669,2.329486,2017-03-03T13:39:39.000Z
valentinaferragni,"Paris, France",48.8566101,2.3514992,2017-03-03T20:45:43.000Z
valentinaferragni,"Paris, France",48.8566101,2.3514992,2017-03-04T13:11:17.000Z
valentinaferragni,"Paris, France",48.8566101,2.3514992,2017-03-05T23:17:47.000Z
valentinaferragni,"Paris, France",48.8566101,2.3514992,2017-03-06T12:18:15.000Z
valentinaferragni,"Paris, France",48.8566101,2.3514992,2017-03-07T16:57:46.000Z
valentinaferragni,"Corso Venezia, Palazzo Serbelloni",45.46883,9.19956036064516,2017-03-08T19:40:28.000Z
valentinaferragni,"Milan, Italy",45.4667971,9.1904984,2017-03-09T17:57:00.000Z
valentinaferragni,"Milan, Italy",45.4667971,9.1904984,2017-03-10T12:16:23.000Z
valentinaferragni,Visit Parco Sempione,45.474034,9.177606,2017-03-10T14:22:10.000Z
valentinaferragni,"Punta Chiappa, Monte Di Portofino (Ge)",44.322935,9.146432,2017-03-11T18:34:55.000Z
valentinaferragni,"Genova, Italy",44.40726,8.9338624,2017-03-13T19:00:51.000Z
valentinaferragni,Vitra Design Museum,47.6016608,7.61887739429026,2017-03-14T18:25:01.000Z
valentinaferragni,"Milan, Italy",45.4667971,9.1904984,2017-03-15T12:58:13.000Z
valentinaferragni,"Milan, Italy",45.4667971,9.1904984,2017-03-16T19:55:21.000Z
valentinaferragni,Copacabana Temakeria,45.477883,9.175401,2017-03-23T19:21:14.000Z
valentinaferragni,Università degli Studi di Genova - Facoltà di Medicina e Chirurgia,44.406996,8.967682,2017-03-27T11:21:25.000Z
valentinaferragni,"Tokyo, Japan",35.6828387,139.7594549,2017-03-29T09:05:45.000Z
valentinaferragni,Shinjuku Gyoen National Garden (新宿御苑 Shinjuku Gyoen),35.68507155,139.709548120791,2017-03-30T08:54:07.000Z
valentinaferragni,Shinjuku Gyoen,35.68507155,139.709548120791,2017-03-30T15:09:27.000Z
valentinaferragni,Mount Fuji,35.362799,138.730781,2017-03-31T05:36:40.000Z
valentinaferragni,東京都庁第一本庁舎北展望室 Tokyo Metropolitan Government Building North Observatory,35.689932,139.691704,2017-04-01T05:21:50.000Z
valentinaferragni,Meiji-Jingu Temple,35.676493,139.699326,2017-04-01T13:58:07.000Z
valentinaferragni,六拾番,36.143342,137.258814,2017-04-02T09:20:48.000Z
valentinaferragni,飛騨高山の古い町並,36.141902,137.259478,2017-04-02T13:03:12.000Z
valentinaferragni,白川郷(Shirakawa-go),36.2573454,136.9068317,2017-04-03T07:01:38.000Z
valentinaferragni,Kinkaku-ji,35.03952925,135.729537253093,2017-04-04T05:56:14.000Z
valentinaferragni,Tenryū-ji,-29.90349715,-71.2460790461207,2017-04-04T09:52:10.000Z
valentinaferragni,Arashiyama Bamboo Forest,35.0166401,135.671286513138,2017-04-04T15:40:58.000Z
valentinaferragni,"Kyoto, Japan",35.021041,135.7556075,2017-04-05T07:12:36.000Z
valentinaferragni,Nara Park,-35.2983116,149.1211695971,2017-04-05T15:15:42.000Z
valentinaferragni,Chidoriga-fuchi,35.693403,139.747812,2017-04-06T08:14:36.000Z
valentinaferragni,Harajuku,35.6687049,139.7053357,2017-04-06T15:00:59.000Z
valentinaferragni,Chidoriga-fuchi,35.693403,139.747812,2017-04-07T09:24:08.000Z
valentinaferragni,Park Hyatt Tokyo - パーク ハイアット 東京,35.6851358,139.6909607,2017-04-08T03:20:52.000Z
valentinaferragni,"Tokyo, Japan",35.6828387,139.7594549,2017-04-08T17:25:52.000Z
valentinaferragni,"Milan, Italy",45.4667971,9.1904984,2017-04-09T20:22:51.000Z
valentinaferragni,Magna Pars,45.4525437,9.1670327,2017-04-10T11:44:26.000Z
valentinaferragni,"Shibuya, Tokyo",35.6645956,139.6987107,2017-04-12T12:01:04.000Z
valentinaferragni,"Los Angeles, California",34.0536909,-118.2427666,2017-04-13T21:52:20.000Z
valentinaferragni,Coachella Valley,33.68656595,-116.153277495288,2017-04-14T16:34:44.000Z
valentinaferragni,Coachella,33.68656595,-116.153277495288,2017-04-15T07:02:31.000Z
valentinaferragni,Coachella Valley,33.68656595,-116.153277495288,2017-04-15T20:28:46.000Z
valentinaferragni,Coachella Music and Arts Festival,33.680895,-116.176593,2017-04-16T08:20:59.000Z
valentinaferragni,Coachella Valley,33.68656595,-116.153277495288,2017-04-16T21:47:09.000Z
valentinaferragni,Coachella,33.68656595,-116.153277495288,2017-04-17T07:55:05.000Z
valentinaferragni,"Cabazon, California",33.9090305,-116.779534450758,2017-04-17T19:29:18.000Z
valentinaferragni,Coachella Music and Arts Festival,33.680895,-116.176593,2017-04-18T16:39:53.000Z
valentinaferragni,"Los Angeles, California",34.0536909,-118.2427666,2017-04-18T23:47:38.000Z
valentinaferragni,"Milan, Italy",45.4667971,9.1904984,2017-04-19T17:28:10.000Z
valentinaferragni,Coachella Valley,33.68656595,-116.153277495288,2017-04-20T14:54:39.000Z
valentinaferragni,"Venezia, Italia",45.4371908,12.3345898,2017-04-21T11:28:43.000Z
valentinaferragni,Gas Store Venice Calle Del Lovo 4774-4775,45.436474,12.335545,2017-04-21T16:10:19.000Z
valentinaferragni,"Venezia, Italia",45.4371908,12.3345898,2017-04-21T20:54:03.000Z
valentinaferragni,Piazza San Marco Venezia,45.43427335,12.3385314306667,2017-04-22T09:34:42.000Z
valentinaferragni,Duomo di Milano - Milan Cathedral,45.46416835,9.19162110961411,2017-04-24T20:41:08.000Z
valentinaferragni,Arco della pace,45.47568115,9.17241040283427,2017-04-25T19:36:52.000Z
valentinaferragni,Coachella,33.68656595,-116.153277495288,2017-04-27T16:40:49.000Z
valentinaferragni,"Drogheria Milanese Via Conca del Naviglio, 7 Milano",45.457882,9.177866,2017-04-28T11:11:52.000Z
valentinaferragni,"Genova, Italy",44.40726,8.9338624,2017-04-30T17:47:13.000Z
valentinaferragni,"Milan, Italy",45.4667971,9.1904984,2017-05-03T16:18:10.000Z
valentinaferragni,"Milan, Italy",45.4667971,9.1904984,2017-05-04T18:38:17.000Z
valentinaferragni,Freccia Rossa,45.5366944,10.2080455,2017-05-06T08:10:31.000Z
valentinaferragni,"Venezia, Italia",45.4371908,12.3345898,2017-05-06T11:12:27.000Z
valentinaferragni,"Baglioni Hotel Luna, Venezia",45.4329343,12.3372705,2017-05-07T11:12:01.000Z
valentinaferragni,San Clemente Palace Kempinski Venice,45.411468,12.336208,2017-05-07T13:24:32.000Z
valentinaferragni,San Clemente Palace Kempinski Venice,45.411468,12.336208,2017-05-07T17:40:30.000Z
valentinaferragni,"Milan, Italy",45.4667971,9.1904984,2017-05-08T11:13:01.000Z
valentinaferragni,"Kyoto, Japan",35.021041,135.7556075,2017-05-10T11:14:32.000Z
valentinaferragni,Ceresio 7 - Gym & Spa,45.4828625,9.1869055,2017-05-10T18:41:43.000Z
valentinaferragni,Ceresio 7 - Gym & Spa,45.4828625,9.1869055,2017-05-16T19:33:12.000Z
valentinaferragni,"Genova, Italy",44.40726,8.9338624,2017-05-20T12:21:43.000Z
valentinaferragni,Aeroporto di Milano Malpensa,45.6296273,8.72354746896739,2017-05-24T08:18:46.000Z
valentinaferragni,"La Reunión Golf Resort & Residences, Antigua Guatemala",14.429042,-90.832944,2017-05-26T06:32:56.000Z
valentinaferragni,"Antigua Guatemala, Sacatepequez",14.5344588,-90.7176138176125,2017-05-26T16:41:24.000Z
valentinaferragni,"Antigua Guatemala, Sacatepequez",14.5344588,-90.7176138176125,2017-05-26T19:49:16.000Z
valentinaferragni,"Antigua Guatemala, Sacatepequez",14.5344588,-90.7176138176125,2017-05-27T06:26:03.000Z
valentinaferragni,"Antigua Guatemala, Sacatepequez",14.5344588,-90.7176138176125,2017-05-27T16:25:31.000Z
valentinaferragni,Antigua Guatemala.,14.5344588,-90.7176138176125,2017-05-27T19:01:09.000Z
valentinaferragni,"Panajachel, Solola",14.74713385,-91.1497081760939,2017-05-28T09:33:36.000Z
valentinaferragni,Santa Catarina Palopó,14.720385,-91.133528,2017-05-28T20:42:51.000Z
valentinaferragni,Santa Catarina Palopó,14.720385,-91.133528,2017-05-29T06:36:46.000Z
valentinaferragni,Lake Atitlán,14.692080,-91.202047,2017-05-29T15:50:54.000Z
valentinaferragni,"Guatemala City, Guatemala",14.6222328,-90.5185188,2017-05-30T05:21:30.000Z
valentinaferragni,Lake Atitlán,14.692080,-91.202047,2017-05-30T18:54:28.000Z
valentinaferragni,"Soho Beach House, Miami",25.8158857,-80.121900956342,2017-05-31T09:10:03.000Z
valentinaferragni,Wynwood Walls,25.8012267,-80.1951258,2017-05-31T18:16:48.000Z
valentinaferragni,"Miami Beach, Florida",25.7929198,-80.1353006,2017-06-01T15:04:25.000Z
valentinaferragni,"Miami South Beach, Florida USA",25.7953962,-80.1362313080544,2017-06-01T18:04:03.000Z
valentinaferragni,"Miami Beach, Florida",25.7929198,-80.1353006,2017-06-02T14:31:44.000Z
valentinaferragni,Quinto La Huella,-34.9263356,-57.9340468,2017-06-03T17:41:25.000Z
valentinaferragni,"Milan, Italy",45.4667971,9.1904984,2017-06-06T16:18:43.000Z
valentinaferragni,"Miami, Florida",25.7742658,-80.1936589,2017-06-04T08:59:44.000Z
valentinaferragni,"Wynwood Arts District, Miami, Florida",25.800645,-80.19908,2017-06-04T19:01:12.000Z
valentinaferragni,Ristorante Mimmo Milano,45.4561505,9.1873092,2017-06-07T21:56:51.000Z
valentinaferragni,"Milan, Italy",45.4667971,9.1904984,2017-06-08T08:07:42.000Z
valentinaferragni,"Milan, Italy",45.4667971,9.1904984,2017-06-09T12:49:18.000Z
valentinaferragni,"Milan, Italy",45.4667971,9.1904984,2017-06-09T16:11:54.000Z
valentinaferragni,LùBar,48.5091536,135.0757669,2017-06-14T15:59:56.000Z
valentinaferragni,Hôtel Barrière Le Majestic Cannes,43.551302,7.019316,2017-06-15T16:02:10.000Z
valentinaferragni,Saint-Jean-de-Cannes,43.52192875,6.86720716318236,2017-06-15T19:51:30.000Z
valentinaferragni,Hôtel Barrière Le Majestic Cannes,43.551302,7.019316,2017-06-16T10:48:07.000Z
valentinaferragni,Cannes,43.5515198,7.0134418,2017-06-16T13:45:44.000Z
valentinaferragni,Cannes,43.5515198,7.0134418,2017-06-16T15:40:06.000Z
valentinaferragni,Saint-Jean-de-Cannes,43.52192875,6.86720716318236,2017-06-16T18:31:15.000Z
valentinaferragni,Monza Eni Circuit,45.6206107,9.2814088,2017-06-17T19:43:37.000Z
valentinaferragni,"Milan, Italy",45.4667971,9.1904984,2017-06-19T12:41:45.000Z
valentinaferragni,Giardini pubblici Indro Montanelli,45.47458325,9.2003266111028,2017-06-20T16:58:53.000Z
valentinaferragni,"Milan, Italy",45.4667971,9.1904984,2017-06-21T19:41:28.000Z
valentinaferragni,Cannes,43.5515198,7.0134418,2017-06-23T08:50:24.000Z
valentinaferragni,Terroni,43.65093475,-79.3752998453654,2017-06-24T14:06:58.000Z
valentinaferragni,Peggy Sue's 50s Diner,34.90152515,-116.883420498952,2017-06-24T18:12:15.000Z
valentinaferragni,Peggy Sue's 50s Diner,34.90152515,-116.883420498952,2017-06-24T20:58:41.000Z
valentinaferragni,The Venetian Resort Las Vegas,36.183938,-115.320301,2017-06-25T08:14:05.000Z
valentinaferragni,The Venetian Resort Las Vegas,36.183938,-115.320301,2017-06-25T18:46:07.000Z
valentinaferragni,Bellagio Las Vegas,36.11311495,-115.177006452287,2017-06-25T22:18:38.000Z
valentinaferragni,Welcome to Fabulous Las Vegas sign,36.0820568,-115.172774091272,2017-06-26T08:55:09.000Z
valentinaferragni,Peggy Sue's 50s Diner,34.90152515,-116.883420498952,2017-06-26T17:55:42.000Z
valentinaferragni,Venice Beach,27.1000553,-82.4575967,2017-06-27T08:41:22.000Z
valentinaferragni,"Malibu, California",34.035591,-118.689423,2017-06-28T21:32:55.000Z
valentinaferragni,Stadio San Siro,45.47820035,9.12396399069145,2017-07-03T18:52:43.000Z
valentinaferragni,La Passeggiata di Nervi,44.3819528,9.036131,2017-07-07T18:39:18.000Z
valentinaferragni,Portofino,44.3036653,9.2093446,2017-07-09T18:33:56.000Z
valentinaferragni,Porticciolo di Nervi,44.3829023,9.032093,2017-07-10T10:57:22.000Z
valentinaferragni,Capo Nord Sml-Portofino,44.314545,9.212676,2017-07-10T19:24:58.000Z
valentinaferragni,Blue Marlin Nervi,44.3803029,9.0435553,2017-07-12T17:21:09.000Z
valentinaferragni,"Milan, Italy",45.4667971,9.1904984,2017-07-13T19:18:18.000Z
valentinaferragni,"Canaves Oia, Luxury Resorts and Villas, Santorini",36.462083,25.382397,2017-07-15T11:58:41.000Z
valentinaferragni,Santorini Greece,36.4044251,25.3958561,2017-07-15T16:13:15.000Z
valentinaferragni,"Oía, Kikladhes, Greece",36.461453,25.375324,2017-07-15T18:01:53.000Z
valentinaferragni,Santorini Greece,36.4044251,25.3958561,2017-07-16T10:35:30.000Z
valentinaferragni,Santorini Greece,36.4044251,25.3958561,2017-07-16T14:05:19.000Z
valentinaferragni,"Canaves Oia, Luxury Resorts and Villas, Santorini",36.462083,25.382397,2017-07-16T19:48:53.000Z
valentinaferragni,Santorini Greece,36.4044251,25.3958561,2017-07-17T13:50:39.000Z
valentinaferragni,Santorini,36.4044251,25.3958561,2017-07-17T17:09:12.000Z
valentinaferragni,Red Beach Santorini Μιχάλης,36.3473294,25.3947802,2017-07-18T11:35:29.000Z
valentinaferragni,Santorini Greece,36.4044251,25.3958561,2017-07-17T19:12:29.000Z
valentinaferragni,Santorini Greece,36.4044251,25.3958561,2017-07-18T14:25:12.000Z
valentinaferragni,Oia,42.0010005,-8.8753311,2017-07-18T17:58:12.000Z
valentinaferragni,Santorini Greece,36.4044251,25.3958561,2017-07-19T12:26:42.000Z
valentinaferragni,"Canaves Oia, Luxury Resorts and Villas, Santorini",36.462083,25.382397,2017-07-19T16:45:42.000Z
valentinaferragni,"San Fruttuoso, Liguria, Italy",44.4079697,8.9611438,2017-07-22T20:00:42.000Z
valentinaferragni,Macha Café,45.452386,9.183238,2017-07-24T10:46:17.000Z
valentinaferragni,Amanzoe,37.36976855,23.1103301000966,2017-07-25T19:16:05.000Z
valentinaferragni,"Milan, Italy",45.4667971,9.1904984,2017-07-26T16:44:22.000Z
valentinaferragni,"Milan, Italy",45.4667971,9.1904984,2017-07-28T18:07:44.000Z
valentinaferragni,"Genova, Italy",44.40726,8.9338624,2017-07-31T20:53:50.000Z
valentinaferragni,"Milan, Italy",45.4667971,9.1904984,2017-08-02T11:24:33.000Z
valentinaferragni,Vulcano,42.2504856,-8.7039614604503,2017-08-05T18:59:39.000Z
valentinaferragni,"Salina Isola, Sicilia, Italy",38.55904115,14.8358906071563,2017-08-06T18:01:07.000Z
valentinaferragni,Therasia Resort,38.4308042,14.9571751,2017-08-07T09:08:56.000Z
valentinaferragni,Stromboli,38.79179625,15.2111752495449,2017-08-08T13:58:19.000Z
valentinaferragni,Stromboli volcano,38.7920733,15.2150086,2017-08-09T12:31:37.000Z
valentinaferragni,Raya Panarea,38.635589,15.074235,2017-08-09T17:20:55.000Z
valentinaferragni,Stromboli volcano,38.7920733,15.2150086,2017-08-09T19:51:52.000Z
valentinaferragni,Stromboli,38.79179625,15.2111752495449,2017-08-10T08:55:48.000Z
valentinaferragni,Teatro Greco Taormina,37.85237085,15.2922707670037,2017-08-11T11:52:59.000Z
valentinaferragni,Isola Bella-Taormina,37.8501567,15.3006908,2017-08-11T19:03:14.000Z
valentinaferragni,BamBar Taormina,37.853218,15.288903,2017-08-12T11:07:50.000Z
valentinaferragni,Taormina centro,37.8517921,15.2856523,2017-08-12T13:33:02.000Z
valentinaferragni,Baia del silenzio Sestri levante,44.2684986,9.3938126,2017-08-15T18:43:01.000Z
valentinaferragni,"Sicilia, Italy",37.587794,14.155048,2017-08-16T16:52:08.000Z
valentinaferragni,Camillo Benso di Fresco&Cimmino,45.472388,9.195552,2017-08-16T19:41:28.000Z
valentinaferragni,Düsseldorf Airport,51.287608,6.766738,2017-08-17T08:44:08.000Z
valentinaferragni,"Los Angeles, California",34.0536909,-118.2427666,2017-08-19T06:32:23.000Z
valentinaferragni,"Los Angeles, California",34.0536909,-118.2427666,2017-08-19T17:56:59.000Z
valentinaferragni,"The Ritz-Carlton, Laguna Niguel",33.4907051,-117.7140739,2017-08-20T18:28:02.000Z
valentinaferragni,"Laguna Beach, California",33.5420888,-117.7834147,2017-08-21T18:19:28.000Z
valentinaferragni,Orange County California,33.7500378,-117.8704931,2017-08-22T06:34:31.000Z
valentinaferragni,In-N-Out Burger,37.6996265,-121.0676013,2017-08-23T06:42:35.000Z
valentinaferragni,"Los Angeles, California",34.0536909,-118.2427666,2017-08-24T21:26:59.000Z
valentinaferragni,Personal Trainer Muscle Beach,33.985408,118.472521,2017-08-23T15:42:24.000Z
valentinaferragni,"Los Angeles, California",34.0536909,-118.2427666,2017-08-25T01:51:57.000Z
valentinaferragni,Griffith Observatory,34.11821875,-118.300293321966,2017-08-25T18:27:28.000Z
valentinaferragni,Aeroporto di Milano Linate,45.44420495,9.27783292215851,2017-08-27T15:02:35.000Z
valentinaferragni,Ceresio 7 Pools & Restaurant,45.483648,9.180217,2017-09-03T17:12:41.000Z
valentinaferragni,"Kiruna, Sweden",67.8550724,20.2255482,2017-09-05T08:42:24.000Z
valentinaferragni,"Kiruna, Sweden",67.8550724,20.2255482,2017-09-04T18:15:52.000Z
valentinaferragni,"Milan, Italy",45.4667971,9.1904984,2017-09-03T20:13:58.000Z
valentinaferragni,Nutti Sámi Siida,67.846848,20.619761,2017-09-05T16:52:49.000Z
valentinaferragni,Stockholm Arlanda Airport,59.6467921,17.9370443341945,2017-09-07T13:56:36.000Z
valentinaferragni,ICEHOTEL,67.850936,20.595304,2017-09-06T18:26:51.000Z
valentinaferragni,Jukkasjärvi Hembygdsförening,67.850310,20.602301,2017-09-06T12:45:50.000Z
valentinaferragni,"New York, New York",40.7127281,-74.0060152,2017-09-08T17:17:54.000Z
valentinaferragni,Cafe Henrie,40.7425569,-73.953817,2017-09-09T11:57:31.000Z
valentinaferragni,"SoHo, Manhattan",40.72288,-73.9987505,2017-09-09T19:34:52.000Z
valentinaferragni,"SoHo, Manhattan",40.72288,-73.9987505,2017-09-10T06:00:50.000Z
valentinaferragni,"Statue Of Liberty, Liberty Island, New York City",40.6892532,-74.0445481714432,2017-09-11T05:20:32.000Z
valentinaferragni,"New York, New York",40.7127281,-74.0060152,2017-09-12T04:36:09.000Z
valentinaferragni,"SoHo, Manhattan",40.72288,-73.9987505,2017-09-12T14:23:28.000Z
valentinaferragni,"Times Square, New York City",40.7568162,-73.9860313157245,2017-09-13T20:54:58.000Z
valentinaferragni,"New York, New York",40.7127281,-74.0060152,2017-09-14T11:16:37.000Z
valentinaferragni,Top Of The Rock NYC,40.7590344,-73.9793952,2017-09-15T16:45:17.000Z
valentinaferragni,Houses of Parliament,51.4994252,-0.124447772794764,2017-09-18T18:11:29.000Z
valentinaferragni,"London, United Kingdom",51.5073219,-0.1276474,2017-09-19T13:21:05.000Z
valentinaferragni,"London, United Kingdom",51.5073219,-0.1276474,2017-09-20T11:13:21.000Z
valentinaferragni,Mazzolari,-32.986668,-68.8811944,2017-09-20T20:11:41.000Z
valentinaferragni,"Milan, Italy",45.4667971,9.1904984,2017-09-21T11:34:26.000Z
valentinaferragni,"Milan, Italy",45.4667971,9.1904984,2017-09-21T20:16:34.000Z
valentinaferragni,Four Seasons Hotel Milan,45.469414,9.195302,2017-09-22T16:38:41.000Z
valentinaferragni,"Ex Scalo Farini - via Valtellina 7, 20159 Milano, Italy",45.491044,9.180646,2017-09-22T20:16:17.000Z
valentinaferragni,"Milan, Italy",45.4667971,9.1904984,2017-09-24T11:34:39.000Z
valentinaferragni,"Paris, France",48.8566101,2.3514992,2017-09-26T13:20:22.000Z
valentinaferragni,Musée du Louvre,48.860823,2.338073,2017-09-26T18:23:29.000Z
valentinaferragni,Jardin des Tuileries,48.86366215,2.32683861305756,2017-09-27T10:56:00.000Z
valentinaferragni,"Paris, France",48.8566101,2.3514992,2017-09-27T18:18:06.000Z
valentinaferragni,Place Vendôme,48.867669,2.329486,2017-09-29T09:06:46.000Z
valentinaferragni,Disneyland Paris,48.8711359,2.77612651196751,2017-09-29T12:52:20.000Z
valentinaferragni,Disneyland Hotel,48.8701872,2.77937529114158,2017-09-29T16:31:51.000Z
valentinaferragni,"Milan, Italy",45.4667971,9.1904984,2017-10-01T19:30:06.000Z
valentinaferragni,Miscusi,45.4631886,9.205341,2017-10-02T18:30:03.000Z
valentinaferragni,Grand Hotel Tremezzo - Lake Como,45.984916,9.228429,2017-10-03T17:54:36.000Z
valentinaferragni,Grand Hotel Tremezzo - Lake Como,45.984916,9.228429,2017-10-04T10:55:05.000Z
valentinaferragni,Lake Como,45.9917589,9.26488103500571,2017-10-04T19:53:48.000Z
valentinaferragni,Lake Como,45.9917589,9.26488103500571,2017-10-05T10:56:57.000Z
valentinaferragni,Lake of Como,45.81082,9.086044,2017-10-05T17:07:01.000Z
valentinaferragni,Lake Como,45.9917589,9.26488103500571,2017-10-05T19:57:34.000Z
valentinaferragni,Grand Hotel Tremezzo - Lake Como,45.984916,9.228429,2017-10-06T08:17:08.000Z
valentinaferragni,Lake Como,45.9917589,9.26488103500571,2017-10-06T12:28:11.000Z
valentinaferragni,Lake Como,45.9917589,9.26488103500571,2017-10-06T16:15:42.000Z
valentinaferragni,"Verona, Italy",45.4384958,10.9924122,2017-10-07T10:01:54.000Z
valentinaferragni,Lake Como,45.9917589,9.26488103500571,2017-10-08T10:50:15.000Z
valentinaferragni,"Verona, Italy",45.4384958,10.9924122,2017-10-07T17:11:42.000Z
valentinaferragni,"Treviso, Italy",45.6658505,12.2455414,2017-10-08T15:58:36.000Z
valentinaferragni,Kiruna in Swedish Lapland,67.856434,20.225737,2017-10-08T19:14:52.000Z
valentinaferragni,Kiruna in Swedish Lapland,67.856434,20.225737,2017-10-09T16:39:12.000Z
valentinaferragni,Università Cattolica del Sacro Cuore,45.533625,9.181019,2017-10-09T19:35:10.000Z
valentinaferragni,"Milan, Italy",45.4667971,9.1904984,2017-10-10T16:37:03.000Z
valentinaferragni,"Milan, Italy",45.4667971,9.1904984,2017-10-11T18:39:15.000Z
valentinaferragni,Kiruna in Swedish Lapland,67.856434,20.225737,2017-10-14T16:21:43.000Z
valentinaferragni,Kiruna in Swedish Lapland,67.856434,20.225737,2017-10-13T16:52:45.000Z
valentinaferragni,Principe di Savoia,45.4797878,9.1963935,2017-10-15T19:54:49.000Z
valentinaferragni,Principe di Savoia,45.4797878,9.1963935,2017-10-16T16:23:56.000Z
valentinaferragni,Stockholm Arlanda Airport,59.6467921,17.9370443341945,2017-10-17T11:01:36.000Z
valentinaferragni,"Stockholm, Sweden",59.3251172,18.0710935,2017-10-17T19:31:54.000Z
valentinaferragni,Nordiska museet,59.3291579,18.0938957,2017-10-18T12:25:13.000Z
valentinaferragni,"Stockholm, Sweden",59.3251172,18.0710935,2017-10-18T18:36:53.000Z
valentinaferragni,"Stockholm, Sweden",59.3251172,18.0710935,2017-10-19T10:07:45.000Z
valentinaferragni,Mister French,4.9288677,-52.2952659,2017-10-19T15:53:51.000Z
valentinaferragni,"Stockholm, Sweden",59.3251172,18.0710935,2017-10-20T16:41:34.000Z
valentinaferragni,Lake Como,45.9917589,9.26488103500571,2017-10-23T20:21:43.000Z
valentinaferragni,"Milan, Italy",45.4667971,9.1904984,2017-10-24T10:57:59.000Z
valentinaferragni,Machu Picchu,-13.16441865,-72.5447639743184,2017-10-25T18:21:41.000Z
valentinaferragni,Teatro Ciak,45.4483193,9.22506818092777,2017-10-26T18:33:02.000Z
valentinaferragni,"Milan, Italy",45.4667971,9.1904984,2017-10-27T16:05:56.000Z
valentinaferragni,Villa d'Este (Cernobbio),45.84492825,9.0798188004856,2017-10-29T15:17:21.000Z
valentinaferragni,"Milan, Italy",45.4667971,9.1904984,2017-10-30T20:14:24.000Z
valentinaferragni,"Los Angeles, California",34.0536909,-118.2427666,2017-11-01T18:04:19.000Z
valentinaferragni,Arco della pace,45.47568115,9.17241040283427,2017-11-02T17:21:51.000Z
valentinaferragni,Duomo di Milano - Milan Cathedral,45.46416835,9.19162110961411,2017-11-02T22:00:06.000Z
valentinaferragni,Palazzo Parigi Milan Hotel & Grand Spa,45.4733994,9.1911115,2017-11-03T12:43:30.000Z
valentinaferragni,"Paris, France",48.8566101,2.3514992,2017-11-04T12:24:02.000Z
valentinaferragni,Codogno,45.1600664,9.70437,2017-11-05T16:22:57.000Z
valentinaferragni,Santa Cruz de Tenerife,28.469648,-16.2540884,2017-11-06T19:36:53.000Z
valentinaferragni,Tenerife,28.2935785,-16.6214471211441,2017-11-07T10:42:47.000Z
valentinaferragni,Playa del Médano,28.041435,-16.542801,2017-11-07T19:36:08.000Z
valentinaferragni,Tenerife,28.2935785,-16.6214471211441,2017-11-08T19:34:33.000Z
valentinaferragni,"Berlin, Germany",52.5170365,13.3888599,2017-11-10T20:09:57.000Z
valentinaferragni,"Berlin, Germany",52.5170365,13.3888599,2017-11-12T13:31:09.000Z
valentinaferragni,HOTEL ZOO BERLIN,52.50827195,13.3392420896532,2017-11-12T17:58:54.000Z
valentinaferragni,Berlin Wall,51.50345185,-0.174145412109824,2017-11-13T17:12:21.000Z
valentinaferragni,Porta Di Brandeburgo - Berlino,52.51628045,13.3777018828817,2017-11-15T18:44:15.000Z
valentinaferragni,Plachuttas Gasthaus zur oper,48.2035744,16.3711372,2017-11-18T15:49:44.000Z
valentinaferragni,Stadtpalais Liechtenstein,48.209976,16.362552,2017-11-18T19:32:28.000Z
valentinaferragni,Stadtpalais Liechtenstein,48.209976,16.362552,2017-11-19T11:53:51.000Z
valentinaferragni,Palais Liechtenstein,48.2098086,16.3624349178292,2017-11-19T20:47:30.000Z
valentinaferragni,Flughafen Wien - Vienna Airport,48.1202259,16.5642737,2017-11-20T17:06:50.000Z
valentinaferragni,Hotel Sacher,48.2040432,16.3697765255329,2017-11-20T20:49:37.000Z
valentinaferragni,KIKO,-13.4554295,-71.1791432,2017-11-22T13:07:04.000Z
valentinaferragni,"Milan, Italy",45.4667971,9.1904984,2017-11-22T18:58:25.000Z
valentinaferragni,"Genova, Italy",44.40726,8.9338624,2017-11-26T18:19:52.000Z
valentinaferragni,"Milan, Italy",45.4667971,9.1904984,2017-12-03T15:48:56.000Z
valentinaferragni,"Milan, Italy",45.4667971,9.1904984,2017-12-03T19:17:52.000Z
valentinaferragni,"Milan, Italy",45.4667971,9.1904984,2017-12-04T17:41:03.000Z
valentinaferragni,Beauty Boutique Estée Lauder Italia,45.466498,9.184314,2017-12-05T16:50:17.000Z
valentinaferragni,"Milan, Italy",45.4667971,9.1904984,2017-12-06T13:24:08.000Z
valentinaferragni,Hôtel de la Poste****,46.537986,12.135873,2017-12-08T20:10:49.000Z
valentinaferragni,Faloria Cortina,46.5326012,12.1721489,2017-12-09T13:41:52.000Z
valentinaferragni,"Cortina d'Ampezzo, Italy",46.5383332,12.1373506,2017-12-09T19:22:40.000Z
valentinaferragni,"Cortina d'Ampezzo, Italy",46.5383332,12.1373506,2017-12-10T12:00:47.000Z
valentinaferragni,"Cortina d'Ampezzo, Italy",46.5383332,12.1373506,2017-12-11T13:07:09.000Z
valentinaferragni,FAI - Villa Necchi Campiglio,45.468990,9.202231,2017-12-12T20:38:14.000Z
valentinaferragni,Corso di Porta Ticinese,45.4539197,9.1804255,2017-12-14T12:09:09.000Z
valentinaferragni,"Milan, Italy",45.4667971,9.1904984,2017-12-15T19:20:10.000Z
valentinaferragni,Arco della pace,45.47568115,9.17241040283427,2017-12-17T13:50:08.000Z
valentinaferragni,"Genova, Italy",44.40726,8.9338624,2017-12-20T18:59:47.000Z
valentinaferragni,The Chedi Andermatt,46.6361042,8.5945125,2017-12-24T12:44:52.000Z
valentinaferragni,"Andermatt, Switzerland",46.6340499,8.5948148,2017-12-24T17:33:53.000Z
valentinaferragni,The Chedi Andermatt,46.6361042,8.5945125,2017-12-24T21:06:23.000Z
valentinaferragni,"Andermatt, Switzerland",46.6340499,8.5948148,2017-12-25T12:55:41.000Z
valentinaferragni,"Andermatt, Switzerland",46.6340499,8.5948148,2017-12-26T12:08:14.000Z
valentinaferragni,"Andermatt, Switzerland",46.6340499,8.5948148,2017-12-27T13:41:52.000Z
valentinaferragni,"Tokyo, Japan",35.6828387,139.7594549,2017-12-30T19:49:28.000Z
valentinaferragni,"Drogheria Milanese Via S. Marco, 29 Milano",45.477558,9.188577,2018-01-05T15:04:47.000Z
valentinaferragni,"Sesto, Trentino-Alto Adige, Italy",46.7027185,12.349573,2018-01-07T15:37:39.000Z
valentinaferragni,"Milan, Italy",45.4667971,9.1904984,2018-01-13T12:14:28.000Z
valentinaferragni,"Milan, Italy",45.4667971,9.1904984,2018-01-14T16:01:28.000Z
valentinaferragni,"Milan, Italy",45.4667971,9.1904984,2018-01-14T19:58:15.000Z
valentinaferragni,Four Seasons Hotel Milan,45.469414,9.195302,2018-01-15T21:12:54.000Z
valentinaferragni,"Genova, Italy",44.40726,8.9338624,2018-01-20T16:23:56.000Z
valentinaferragni,"Genova, Italy",44.40726,8.9338624,2018-01-21T13:31:47.000Z
valentinaferragni,"Genova, Italy",44.40726,8.9338624,2018-01-21T19:51:57.000Z
valentinaferragni,"Paris, France",48.8566101,2.3514992,2018-01-22T13:54:06.000Z
valentinaferragni,"Paris, France",48.8566101,2.3514992,2018-01-22T17:46:55.000Z
valentinaferragni,"Paris, France",48.8566101,2.3514992,2018-01-23T10:03:59.000Z
valentinaferragni,Tour Eiffel,48.8582602,2.29449905431968,2018-01-23T20:05:41.000Z
valentinaferragni,Ristorante La Briciola,48.8640247,2.3639954,2018-01-30T22:53:17.000Z
valentinaferragni,"Milan, Italy",45.4667971,9.1904984,2018-01-31T13:46:03.000Z
valentinaferragni,"Milan, Italy",45.4667971,9.1904984,2018-02-03T16:41:28.000Z
valentinaferragni,Four Seasons Hotel Milan,45.469414,9.195302,2018-02-06T18:55:54.000Z
valentinaferragni,"Milan, Italy",45.4667971,9.1904984,2018-02-06T12:17:47.000Z
valentinaferragni,"Milan, Italy",45.4667971,9.1904984,2018-02-08T19:26:42.000Z
valentinaferragni,LùBar,48.5091536,135.0757669,2018-02-20T12:52:30.000Z
valentinaferragni,Palazzo Parigi Milan Hotel & Grand Spa,45.4733994,9.1911115,2018-02-20T20:34:21.000Z
valentinaferragni,Rotonda della Besana,45.4597727,9.20595828532474,2018-02-21T17:29:29.000Z
valentinaferragni,"Milan, Italy",45.4667971,9.1904984,2018-02-22T12:05:01.000Z
valentinaferragni,"Milan, Italy",45.4667971,9.1904984,2018-02-23T19:17:44.000Z
valentinaferragni,"Milan, Italy",45.4667971,9.1904984,2018-02-24T17:57:06.000Z
valentinaferragni,"Milan, Italy",45.4667971,9.1904984,2018-02-24T21:25:17.000Z
valentinaferragni,"Milan, Italy",45.4667971,9.1904984,2018-02-25T18:37:19.000Z
valentinaferragni,Mico Milano Convention Centre,45.481624,9.154825,2018-02-25T21:13:55.000Z
valentinaferragni,"Paris, France",48.8566101,2.3514992,2018-02-26T21:43:25.000Z
valentinaferragni,"Paris, France",48.8566101,2.3514992,2018-02-27T13:50:43.000Z
valentinaferragni,Tour Eiffel,48.8582602,2.29449905431968,2018-02-27T20:34:54.000Z
valentinaferragni,Hôtel Opéra Richepanse,48.868685,2.325261,2018-02-28T11:45:39.000Z
valentinaferragni,"Paris, France",48.8566101,2.3514992,2018-02-28T16:15:56.000Z
valentinaferragni,"Paris, France",48.8566101,2.3514992,2018-03-01T11:11:36.000Z
valentinaferragni,Loulou Restaurant - Musée des arts décoratifs,48.863085,2.333381,2018-03-01T17:37:39.000Z
valentinaferragni,"Paris, France",48.8566101,2.3514992,2018-03-01T20:28:33.000Z
valentinaferragni,"Milan, Italy",45.4667971,9.1904984,2018-03-04T18:18:52.000Z
valentinaferragni,"Milan, Italy",45.4667971,9.1904984,2018-03-05T13:30:10.000Z
valentinaferragni,"Berlin, Germany",52.5170365,13.3888599,2018-03-06T18:48:09.000Z
valentinaferragni,"Berlin, Germany",52.5170365,13.3888599,2018-03-07T12:40:04.000Z
valentinaferragni,"Berlin, Germany",52.5170365,13.3888599,2018-03-07T18:25:32.000Z
valentinaferragni,"Milan, Italy",45.4667971,9.1904984,2018-03-10T17:00:18.000Z
valentinaferragni,"Milan, Italy",45.4667971,9.1904984,2018-03-21T16:32:39.000Z
valentinaferragni,Aeroporto di Milano Linate,45.44420495,9.27783292215851,2018-03-23T08:57:38.000Z
valentinaferragni,"Los Angeles, California",34.0536909,-118.2427666,2018-03-24T22:01:35.000Z
valentinaferragni,"Los Angeles, California",34.0536909,-118.2427666,2018-03-27T06:52:33.000Z
valentinaferragni,Melrose & Fairfax Flea Market,42.4564323,-71.064182,2018-03-26T07:07:33.000Z
valentinaferragni,"Los Angeles, California",34.0536909,-118.2427666,2018-03-27T16:36:26.000Z
valentinaferragni,"Los Angeles, California",34.0536909,-118.2427666,2018-03-28T19:40:13.000Z
valentinaferragni,Hollywood Sign,34.1340991,-118.3216523,2018-03-29T07:00:25.000Z
valentinaferragni,Venice Beach L.A.,27.1000553,-82.4575967,2018-03-30T07:28:05.000Z
valentinaferragni,"Los Angeles, California",34.0536909,-118.2427666,2018-03-31T17:12:53.000Z
valentinaferragni,"Los Angeles, California",34.0536909,-118.2427666,2018-04-01T07:47:44.000Z
valentinaferragni,"Los Angeles, California",34.0536909,-118.2427666,2018-04-02T06:41:20.000Z
valentinaferragni,Hollywood Hills,34.0795976,-81.0187018,2018-04-02T19:11:01.000Z
valentinaferragni,The Beverly Hills Hotel,5.5646691,-0.2060044,2018-04-04T07:12:05.000Z
valentinaferragni,"Los Angeles, California",34.0536909,-118.2427666,2018-04-05T17:02:27.000Z
valentinaferragni,"Los Angeles, California",34.0536909,-118.2427666,2018-04-06T08:01:06.000Z
valentinaferragni,Griffith Observatory,34.11821875,-118.300293321966,2018-04-07T08:49:57.000Z
valentinaferragni,"Los Angeles, California",34.0536909,-118.2427666,2018-04-07T17:36:35.000Z
valentinaferragni,"Los Angeles, California",34.0536909,-118.2427666,2018-04-08T07:44:22.000Z
valentinaferragni,"Beverly Hills, California",34.0696501,-118.3963062,2018-04-08T18:54:45.000Z
valentinaferragni,"Los Angeles, California",34.0536909,-118.2427666,2018-04-09T08:00:13.000Z
valentinaferragni,"Los Angeles, California",34.0536909,-118.2427666,2018-04-10T08:25:14.000Z
valentinaferragni,"Los Angeles, California",34.0536909,-118.2427666,2018-04-10T21:22:18.000Z
valentinaferragni,"Los Angeles, California",34.0536909,-118.2427666,2018-04-11T09:28:35.000Z
valentinaferragni,Staples Center,34.0430046,-118.267052602794,2018-04-12T08:13:18.000Z
valentinaferragni,"Los Angeles, California",34.0536909,-118.2427666,2018-04-12T17:20:45.000Z
valentinaferragni,Coachella,33.68656595,-116.153277495288,2018-04-12T19:38:49.000Z
valentinaferragni,Coachella valley,33.68656595,-116.153277495288,2018-04-13T19:26:43.000Z
valentinaferragni,"Palm Springs, California",33.8246269,-116.540303,2018-04-14T07:50:30.000Z
valentinaferragni,Coachella,33.68656595,-116.153277495288,2018-04-14T15:52:33.000Z
valentinaferragni,Coachella,33.68656595,-116.153277495288,2018-04-14T19:24:02.000Z
valentinaferragni,Coachella,33.68656595,-116.153277495288,2018-04-15T09:05:09.000Z
valentinaferragni,Coachella,33.68656595,-116.153277495288,2018-04-16T07:27:44.000Z
valentinaferragni,Coachella,33.68656595,-116.153277495288,2018-04-16T17:07:13.000Z
valentinaferragni,"Los Angeles, California",34.0536909,-118.2427666,2018-04-18T08:05:49.000Z
valentinaferragni,"Los Angeles, California",34.0536909,-118.2427666,2018-04-18T22:49:13.000Z
valentinaferragni,"Los Angeles, California",34.0536909,-118.2427666,2018-04-19T23:06:43.000Z
valentinaferragni,"Los Angeles, California",34.0536909,-118.2427666,2018-04-21T10:54:19.000Z
valentinaferragni,"Milan, Italy",45.4667971,9.1904984,2018-04-22T18:25:35.000Z
valentinaferragni,"Milan, Italy",45.4667971,9.1904984,2018-04-24T11:40:28.000Z
valentinaferragni,Grand Hotel Tremezzo - Lake Como,45.984916,9.228429,2018-04-25T13:02:08.000Z
valentinaferragni,Grand Hotel Tremezzo - Lake Como,45.984916,9.228429,2018-04-25T19:05:58.000Z
valentinaferragni,"Milan, Italy",45.4667971,9.1904984,2018-04-26T16:16:21.000Z
valentinaferragni,Grand Hotel Tremezzo - Lake Como,45.984916,9.228429,2018-04-30T19:04:20.000Z
valentinaferragni,Grand Hotel Tremezzo - Lake Como,45.984916,9.228429,2018-04-27T16:45:50.000Z
valentinaferragni,Madinat Jumeirah,25.1352181,55.1858082863489,2018-05-01T14:58:27.000Z
valentinaferragni,Ski Dubai,25.11730645,55.1981950866444,2018-05-01T20:21:33.000Z
valentinaferragni,Platinum Heritage Dubai,-34.10993595,18.8712541534477,2018-05-03T18:26:43.000Z
valentinaferragni,Dubai Gold Souk,25.2700763,55.2982484,2018-05-02T13:26:48.000Z
valentinaferragni,"Atlantis, The Palm",26.5909025,-80.1008762,2018-05-06T11:31:02.000Z
valentinaferragni,Address Dubai Marina,25.07743445,55.1401237411938,2018-05-05T10:54:44.000Z
valentinaferragni,"At the Top, Burj Khalifa",25.197470,55.275855,2018-05-04T11:26:43.000Z
valentinaferragni,La Fontelina - Ristorante e complesso balneare,40.543831,14.251067,2018-05-11T11:10:49.000Z
valentinaferragni,Praiano,40.611107,14.53134,2018-05-10T18:47:27.000Z
valentinaferragni,"Capri, Italy",45.118845,7.331914,2018-05-10T12:52:49.000Z
valentinaferragni,Casa Angelina Lifestyle,31.31677175,-94.7283681516741,2018-05-09T18:27:45.000Z
valentinaferragni,Sheikh Zayed Mosque,25.12630775,56.3274414501959,2018-05-07T16:23:19.000Z
valentinaferragni,One and Only Royal Mirage Dubai,25.09945255,55.1541858411433,2018-05-06T18:26:10.000Z
valentinaferragni,"Milan, Italy",45.4667971,9.1904984,2018-05-21T19:04:20.000Z
valentinaferragni,"Milan, Italy",45.4667971,9.1904984,2018-05-19T14:16:17.000Z
valentinaferragni,"Milan, Italy",45.4667971,9.1904984,2018-05-17T16:44:49.000Z
valentinaferragni,"Capri, Italy",45.118845,7.331914,2018-05-15T18:32:21.000Z
valentinaferragni,"Milan, Italy",45.4667971,9.1904984,2018-05-14T16:30:46.000Z
valentinaferragni,Positano,40.6286581,14.4854955,2018-05-13T16:34:35.000Z
valentinaferragni,"Milan, Italy",45.4667971,9.1904984,2018-05-12T18:32:57.000Z
valentinaferragni,Positano,40.6286581,14.4854955,2018-05-11T17:06:42.000Z
valentinaferragni,"Genova, Italy",44.40726,8.9338624,2018-05-26T18:47:25.000Z
valentinaferragni,Grand Hotel Tremezzo - Lake Como,45.984916,9.228429,2018-05-24T17:12:02.000Z
valentinaferragni,"London, United Kingdom",51.5073219,-0.1276474,2018-05-29T18:08:35.000Z
valentinaferragni,Lou Lou's Little Parties,51.506338,-0.147591,2018-05-29T20:51:01.000Z
valentinaferragni,The Connaught,51.51017675,-0.149736055583833,2018-05-30T18:30:19.000Z
valentinaferragni,Stadio San Siro,45.47820035,9.12396399069145,2018-06-02T11:08:03.000Z
valentinaferragni,Lake Como,45.9917589,9.26488103500571,2018-06-02T17:08:59.000Z
valentinaferragni,Lake Como,45.9917589,9.26488103500571,2018-06-03T19:16:15.000Z
valentinaferragni,"Dubai, United Arab Emirates",25.0750095,55.1887608818332,2018-06-04T11:39:20.000Z
valentinaferragni,"Milan, Italy",45.4667971,9.1904984,2018-06-04T19:35:28.000Z
valentinaferragni,Farinella,41.71604915,12.4437165462031,2018-06-05T12:48:46.000Z
valentinaferragni,The MALL Milano,45.4808069,9.1957798,2018-06-05T19:09:50.000Z
valentinaferragni,"Venezia, Italia",45.4371908,12.3345898,2018-06-06T16:06:56.000Z
valentinaferragni,"Hotel Bauer Palazzo, Venice",45.4328621,12.3358441959329,2018-06-06T18:50:48.000Z
valentinaferragni,"Venezia, Italia",45.4371908,12.3345898,2018-06-07T10:58:20.000Z
valentinaferragni,T Fondaco dei Tedeschi by DFS,45.438274,12.336814,2018-06-07T18:49:42.000Z
valentinaferragni,"Genova, Italy",44.40726,8.9338624,2018-06-10T18:42:55.000Z
valentinaferragni,"Florence, Italy",43.7698712,11.2555757,2018-06-15T12:18:03.000Z
valentinaferragni,"Milan, Italy",45.4667971,9.1904984,2018-06-15T16:41:14.000Z
valentinaferragni,Grand Hotel Tremezzo - Lake Como,45.984916,9.228429,2018-06-19T16:22:07.000Z
valentinaferragni,Acai Sisters Milano,45.448468,9.186721,2018-06-20T12:30:44.000Z
valentinaferragni,"Milan, Italy",45.4667971,9.1904984,2018-06-20T18:28:52.000Z
valentinaferragni,Sestri Levante,44.2714526,9.3958627,2018-06-22T17:47:43.000Z
valentinaferragni,"Genova, Italy",44.40726,8.9338624,2018-06-23T16:15:58.000Z
valentinaferragni,"Cremona, Italy",45.1334796,10.0248716,2018-06-24T11:22:57.000Z
valentinaferragni,Piazza del Duomo,43.7731012,11.2554771360753,2018-06-25T18:05:15.000Z
valentinaferragni,LùBar,48.5091536,135.0757669,2018-06-26T12:29:01.000Z
valentinaferragni,Lake Como,45.9917589,9.26488103500571,2018-06-27T17:13:43.000Z
valentinaferragni,"Genova, Italy",44.40726,8.9338624,2018-06-30T16:36:32.000Z
valentinaferragni,Aeroporto di Milano Linate,45.44420495,9.27783292215851,2018-07-01T18:10:26.000Z
valentinaferragni,"Paris, France",48.8566101,2.3514992,2018-07-02T10:58:16.000Z
valentinaferragni,"Paris, France",48.8566101,2.3514992,2018-07-02T15:49:45.000Z
valentinaferragni,"Paris, France",48.8566101,2.3514992,2018-07-02T19:59:31.000Z
valentinaferragni,"Paris, France",48.8566101,2.3514992,2018-07-03T12:07:45.000Z
valentinaferragni,"Milan, Italy",45.4667971,9.1904984,2018-07-07T18:42:23.000Z
valentinaferragni,"Carpi, Italy",44.7835699,10.8854523,2018-07-08T19:18:35.000Z
valentinaferragni,Seven Pines Resort Ibiza,38.951416,1.220780,2018-07-13T12:47:30.000Z
valentinaferragni,"Ibiza, Spain",38.9743901,1.41974631785153,2018-07-13T16:38:42.000Z
valentinaferragni,Ibiza Cala Vadella,38.903142,1.2355139,2018-07-13T19:40:54.000Z
valentinaferragni,Formentera,38.7063909,1.43352655883119,2018-07-14T15:52:29.000Z
valentinaferragni,Playa De Illetas Formentera,38.759960,1.435448,2018-07-14T18:30:35.000Z
valentinaferragni,"Iviza, Islas Baleares, Spain",39.023692,1.482215,2018-07-15T09:32:37.000Z
valentinaferragni,"Ibiza, Spain",38.9743901,1.41974631785153,2018-07-15T16:20:17.000Z
valentinaferragni,Ibiza,38.9743901,1.41974631785153,2018-07-15T20:03:40.000Z
valentinaferragni,"Ibiza, Spain",38.9743901,1.41974631785153,2018-07-16T11:36:11.000Z
valentinaferragni,"Marbella, Spain",36.508976,-4.88562,2018-07-17T17:17:21.000Z
valentinaferragni,Marbella Club Hotel · Golf Resort & Spa,36.506753,-4.919138,2018-07-18T09:04:52.000Z
valentinaferragni,Marbella Club Hotel · Golf Resort & Spa,36.506753,-4.919138,2018-07-18T18:55:40.000Z
valentinaferragni,"Milan, Italy",45.4667971,9.1904984,2018-07-19T14:02:42.000Z
valentinaferragni,"Madrid, Spain",40.4167047,-3.7035825,2018-10-21T18:39:37.000Z
valentinaferragni,"Madrid, Spain",40.4167047,-3.7035825,2018-10-21T11:39:47.000Z
valentinaferragni,"Madrid, Spain",40.4167047,-3.7035825,2018-10-20T17:56:08.000Z
valentinaferragni,"The Westin Palace, Madrid",40.4154544,-3.6958024,2018-10-20T12:20:53.000Z
valentinaferragni,"Palacio Real de Madrid, España",40.418020,-3.714301,2018-10-19T17:27:39.000Z
valentinaferragni,"Madrid, Spain",40.4167047,-3.7035825,2018-10-19T11:19:27.000Z
valentinaferragni,"Madrid, Spain",40.4167047,-3.7035825,2018-10-18T18:42:40.000Z
valentinaferragni,"Milan, Italy",45.4667971,9.1904984,2018-10-17T14:09:31.000Z
valentinaferragni,"Paris, France",48.8566101,2.3514992,2018-10-16T19:21:15.000Z
valentinaferragni,"Milan, Italy",45.4667971,9.1904984,2018-10-14T15:38:13.000Z
valentinaferragni,Giardini Pubblici Indro Montanelli,45.47458325,9.2003266111028,2018-10-13T15:34:38.000Z
valentinaferragni,"Milan, Italy",45.4667971,9.1904984,2018-10-12T12:10:56.000Z
valentinaferragni,"Milan, Italy",45.4667971,9.1904984,2018-10-09T17:19:31.000Z
valentinaferragni,Università Cattolica del Sacro Cuore,45.533625,9.181019,2018-10-09T11:55:16.000Z
valentinaferragni,Giardini Pubblici Indro Montanelli,45.47458325,9.2003266111028,2018-10-07T19:08:46.000Z
valentinaferragni,Disneyland Paris,48.8711359,2.77612651196751,2018-10-05T16:31:34.000Z
valentinaferragni,Disneyland Paris,48.8711359,2.77612651196751,2018-10-04T18:51:05.000Z
valentinaferragni,BELDI Country Club,31.5702267,-8.028608,2018-10-30T13:11:28.000Z
valentinaferragni,Disneyland Paris,48.8711359,2.77612651196751,2018-10-04T14:18:32.000Z
valentinaferragni,Le Moulin Rouge (Officiel),48.884384,2.332542,2018-10-03T18:29:00.000Z
valentinaferragni,Pont Alexandre III,48.8629974,2.3134662,2018-10-03T11:24:17.000Z
valentinaferragni,Pont Alexandre III,48.8629974,2.3134662,2018-10-03T11:24:17.000Z
valentinaferragni,"Paris, France",48.8566101,2.3514992,2018-10-02T11:41:25.000Z
valentinaferragni,Tour Eiffel,48.8582602,2.29449905431968,2018-10-01T18:20:28.000Z
valentinaferragni,"Paris, France",48.8566101,2.3514992,2018-10-01T14:13:29.000Z
valentinaferragni,"Paris, France",48.8566101,2.3514992,2018-09-30T19:34:42.000Z
valentinaferragni,"Milan, Italy",45.4667971,9.1904984,2018-09-30T16:48:02.000Z
valentinaferragni,"Milan, Italy",45.4667971,9.1904984,2018-09-29T17:48:52.000Z
valentinaferragni,Arco della pace,45.47568115,9.17241040283427,2018-09-29T14:13:16.000Z
valentinaferragni,"Milan, Italy",45.4667971,9.1904984,2018-09-28T20:07:11.000Z
valentinaferragni,"Milan, Italy",45.4667971,9.1904984,2018-09-27T18:07:00.000Z
valentinaferragni,"Milan, Italy",45.4667971,9.1904984,2018-09-26T19:25:51.000Z
valentinaferragni,Loulou Restaurant - Musée des arts décoratifs,48.863085,2.333381,2018-09-25T18:35:40.000Z
valentinaferragni,"Paris, France",48.8566101,2.3514992,2018-09-25T09:01:55.000Z
valentinaferragni,"Paris, France",48.8566101,2.3514992,2018-09-24T17:31:34.000Z
valentinaferragni,Place Vendôme,48.867669,2.329486,2018-09-24T12:17:28.000Z
valentinaferragni,"Milan, Italy",45.4667971,9.1904984,2018-09-23T17:40:28.000Z
valentinaferragni,"Milan, Italy",45.4667971,9.1904984,2018-09-22T10:15:07.000Z
valentinaferragni,"Milan, Italy",45.4667971,9.1904984,2018-09-21T18:04:15.000Z
valentinaferragni,"Milan, Italy",45.4667971,9.1904984,2018-09-20T16:03:19.000Z
valentinaferragni,"Milan, Italy",45.4667971,9.1904984,2018-09-19T18:07:39.000Z
valentinaferragni,"Milan, Italy",45.4667971,9.1904984,2018-09-18T16:56:09.000Z
valentinaferragni,"Milan, Italy",45.4667971,9.1904984,2018-09-17T17:38:05.000Z
valentinaferragni,Pizzeria Antica Costese,45.173570,9.969012,2018-09-17T14:46:26.000Z
valentinaferragni,ugo grill,45.1343018,10.0230735,2018-09-17T10:23:14.000Z
valentinaferragni,"Milan, Italy",45.4667971,9.1904984,2018-09-16T12:17:57.000Z
valentinaferragni,"Milan, Italy",45.4667971,9.1904984,2018-09-15T18:07:41.000Z
valentinaferragni,"Milan, Italy",45.4667971,9.1904984,2018-09-15T11:08:33.000Z
valentinaferragni,"Milan, Italy",45.4667971,9.1904984,2018-09-13T11:43:47.000Z
valentinaferragni,"Milan, Italy",45.4667971,9.1904984,2018-09-12T20:24:00.000Z
valentinaferragni,"Milan, Italy",45.4667971,9.1904984,2018-09-11T18:29:31.000Z
valentinaferragni,"New York, New York",40.7127281,-74.0060152,2018-09-10T17:25:40.000Z
valentinaferragni,"New York, New York",40.7127281,-74.0060152,2018-09-08T21:26:46.000Z
valentinaferragni,Central Park,40.7838476,-73.9645727455915,2018-09-07T15:29:58.000Z
valentinaferragni,"New York, New York",40.7127281,-74.0060152,2018-09-07T04:19:18.000Z
valentinaferragni,"Venice, Italy",45.4371908,12.3345898,2018-09-06T10:24:54.000Z
valentinaferragni,The Peggy Guggenheim Collection,45.4307957,12.3316929,2018-09-05T18:06:50.000Z
valentinaferragni,"Venezia, Italia",45.4371908,12.3345898,2018-09-05T16:03:25.000Z
valentinaferragni,Dimora Delle Balze,36.975419,15.031696,2018-09-04T20:12:21.000Z
valentinaferragni,Dimora Delle Balze,36.975419,15.031696,2018-09-04T11:30:52.000Z
valentinaferragni,"Marzamemi, Sicilia, Italy",36.7418376,15.1176543,2018-09-03T17:40:31.000Z
valentinaferragni,"Sicilia, Italy",37.587794,14.155048,2018-09-03T13:03:51.000Z
valentinaferragni,"Sicilia, Italy",37.587794,14.155048,2018-09-02T17:29:10.000Z
valentinaferragni,Dimora Delle Balze,36.975419,15.031696,2018-09-02T12:39:27.000Z
valentinaferragni,Dimora Delle Balze,36.975419,15.031696,2018-09-02T09:34:12.000Z
valentinaferragni,Dimora Delle Balze,36.975419,15.031696,2018-09-01T17:42:09.000Z
valentinaferragni,"Noto, Italy",36.8908864,15.0706454,2018-09-01T11:47:32.000Z
valentinaferragni,"Noto, Italy",36.8908864,15.0706454,2018-09-01T09:03:02.000Z
valentinaferragni,"Noto, Sicilia, Italia",36.8908864,15.0706454,2018-08-31T18:16:01.000Z
valentinaferragni,Aeroporto di Milano Linate,45.44420495,9.27783292215851,2018-08-31T11:32:02.000Z
valentinaferragni,"Milan, Italy",45.4667971,9.1904984,2018-08-27T19:03:15.000Z
valentinaferragni,"Ibiza, Spain",38.9743901,1.41974631785153,2018-08-26T16:03:38.000Z
valentinaferragni,"Ibiza, Spain",38.9743901,1.41974631785153,2018-08-26T12:08:37.000Z
valentinaferragni,"Ibiza, Spain",38.9743901,1.41974631785153,2018-08-25T18:04:34.000Z
valentinaferragni,"Ibiza, Spain",38.9743901,1.41974631785153,2018-08-25T11:01:50.000Z
valentinaferragni,Formentera,38.7063909,1.43352655883119,2018-08-24T19:24:19.000Z
valentinaferragni,"Ibiza, Spain",38.9743901,1.41974631785153,2018-08-24T11:04:42.000Z
valentinaferragni,AZULIK Tulum,20.1789638,-87.4454247,2018-08-22T17:12:42.000Z
valentinaferragni,"The Ritz-Carlton, Cancun",21.09323225,-86.7682271203951,2018-08-22T06:07:35.000Z
valentinaferragni,"Isla Mujeres, Quintana Roo, México",21.236300,-86.735720,2018-08-21T18:26:39.000Z
valentinaferragni,Azulik,20.1789638,-87.4454247,2018-08-21T05:53:29.000Z
valentinaferragni,"Isla Mujeres, Quintana Roo, México",21.236300,-86.735720,2018-08-20T18:44:08.000Z
valentinaferragni,"Isla Mujeres, Caribbean Sea",21.236300,-86.735720,2018-08-19T19:05:18.000Z
valentinaferragni,"Isla Mujeres, Quintana Roo, México",21.236300,-86.735720,2018-08-19T05:15:33.000Z
valentinaferragni,"Isla Mujeres, Quintana Roo, México",21.236300,-86.735720,2018-08-18T17:06:58.000Z
valentinaferragni,"Tulum, Quintana Roo",20.2152358,-87.4295353143922,2018-08-18T06:05:54.000Z
valentinaferragni,Maria del Mar Boutique Hotel & Spa,-37.1665407,-73.1873597,2018-08-17T18:06:04.000Z
valentinaferragni,"Valladolid, Yucatan",20.6902505,-88.2016999,2018-08-17T06:04:52.000Z
valentinaferragni,"Chichén-Itzá, Yucatan, Mexico",20.684347,-88.567777,2018-08-16T17:19:58.000Z
valentinaferragni,"Tulum, Mexico",20.2152358,-87.4295353143922,2018-08-16T06:04:10.000Z
valentinaferragni,"Quintana Roo, Mexico",19.6666671,-88.5000001,2018-08-15T18:15:59.000Z
valentinaferragni,"Tulum, Quintana Roo",20.2152358,-87.4295353143922,2018-08-14T19:25:19.000Z
valentinaferragni,Tulum Beach,20.0776025,-87.4784164,2018-08-13T20:26:33.000Z
valentinaferragni,"Tulum, Quintana Roo",20.2152358,-87.4295353143922,2018-08-13T06:18:03.000Z
valentinaferragni,Be Tulum,52.4829617,13.3206839,2018-08-12T16:58:33.000Z
valentinaferragni,"Isla Holbox, Q.roo",21.5231574,-87.3722325361119,2018-08-11T17:35:45.000Z
valentinaferragni,"Casa De las Tortugas, Holbox",21.525920,-87.377880,2018-08-11T06:20:06.000Z
valentinaferragni,"Isla Holbox, Q.roo",21.5231574,-87.3722325361119,2018-08-10T19:33:02.000Z
valentinaferragni,"Isla Holbox, Q.roo",21.5231574,-87.3722325361119,2018-08-09T20:20:17.000Z
valentinaferragni,"CasaSandra Boutique Hotel, Isla Holbox",21.527074,-87.375529,2018-08-09T05:11:34.000Z
valentinaferragni,"Isla Holbox, Q.roo",21.5231574,-87.3722325361119,2018-08-08T16:28:10.000Z
valentinaferragni,"Isla Holbox, Q.roo",21.5231574,-87.3722325361119,2018-08-08T05:10:52.000Z
valentinaferragni,"The Ritz-Carlton, Cancun",21.09323225,-86.7682271203951,2018-08-07T16:06:32.000Z
valentinaferragni,"Genova, Italy",44.40726,8.9338624,2018-08-04T18:44:24.000Z
valentinaferragni,"Milan, Italy",45.4667971,9.1904984,2018-08-03T19:04:19.000Z
valentinaferragni,"Milan, Italy",45.4667971,9.1904984,2018-08-03T15:40:37.000Z
valentinaferragni,"Milan, Italy",45.4667971,9.1904984,2018-08-02T18:02:50.000Z
valentinaferragni,"Milan, Italy",45.4667971,9.1904984,2018-08-02T11:31:57.000Z
valentinaferragni,Nervi,44.3833121,9.0391295,2018-07-29T19:02:18.000Z
valentinaferragni,Arco della pace,45.47568115,9.17241040283427,2018-07-27T18:27:35.000Z
valentinaferragni,"Milan, Italy",45.4667971,9.1904984,2018-07-25T18:43:55.000Z
valentinaferragni,"Verona, Italy",45.4384958,10.9924122,2018-07-24T12:19:26.000Z
valentinaferragni,"Paris, France",48.8566101,2.3514992,2018-07-23T16:59:39.000Z
valentinaferragni,Argentario Golf Resort & Spa,42.41692915,11.1845971334801,2018-07-22T16:26:50.000Z
valentinaferragni,Cala Grande (Argentario),42.4326002,11.0974823782555,2018-07-21T16:26:02.000Z
valentinaferragni,Giannutri,42.254379,11.1026126,2018-07-20T16:41:42.000Z
valentinaferragni,Argentario Golf Resort & Spa,42.41692915,11.1845971334801,2018-07-20T11:36:23.000Z
valentinaferragni,Marrakech,31.6258257,-7.9891608,2018-10-29T18:43:54.000Z
valentinaferragni,Marrakech,31.6258257,-7.9891608,2018-10-29T16:19:50.000Z
valentinaferragni,Marrakech,31.6258257,-7.9891608,2018-10-29T07:32:47.000Z
valentinaferragni,Marrakech,31.6258257,-7.9891608,2018-10-28T20:27:43.000Z
valentinaferragni,Selman Marrakech,31.5739935,-8.0187137,2018-10-28T16:26:45.000Z
valentinaferragni,La Mamounia Marrakech,31.62138285,-7.99744192203719,2018-10-28T11:07:25.000Z
valentinaferragni,La Mamounia Marrakech,31.62138285,-7.99744192203719,2018-10-27T19:38:14.000Z
valentinaferragni,Tarabel,43.512061,1.677205,2018-10-27T13:01:16.000Z
valentinaferragni,"Milan, Italy",45.4667971,9.1904984,2018-10-26T11:52:21.000Z
valentinaferragni,"Furaveri Island Resort & Spa, Maldives",5.4406747,72.9083739,2018-11-22T11:59:37.000Z
valentinaferragni,"Furaveri Island Resort & Spa, Maldives",5.4406747,72.9083739,2018-11-21T18:28:02.000Z
valentinaferragni,"Furaveri Island Resort & Spa, Maldives",5.4406747,72.9083739,2018-11-21T11:58:08.000Z
valentinaferragni,"Furaveri Island Resort & Spa, Maldives",5.4406747,72.9083739,2018-11-20T17:39:30.000Z
valentinaferragni,Aeroporto di Milano Malpensa,45.6296273,8.72354746896739,2018-11-19T18:44:38.000Z
valentinaferragni,"Genova, Italy",44.40726,8.9338624,2018-11-17T18:47:47.000Z
valentinaferragni,"Milan, Italy",45.4667971,9.1904984,2018-11-15T18:24:05.000Z
valentinaferragni,"Milan, Italy",45.4667971,9.1904984,2018-11-11T17:25:15.000Z
valentinaferragni,Everywhere,46.9599823,22.0541733,2018-11-10T11:43:36.000Z
valentinaferragni,Douglas Italia,41.7163676,12.4439998700737,2018-11-08T21:13:23.000Z
valentinaferragni,"Milan, Italy",45.4667971,9.1904984,2018-11-08T13:06:23.000Z
valentinaferragni,"Milan, Italy",45.4667971,9.1904984,2018-11-07T19:05:34.000Z
valentinaferragni,Courmayeur Mont Blanc,45.91690955,6.86704108459389,2018-11-04T16:54:49.000Z
valentinaferragni,Courmayeur Mont Blanc,45.91690955,6.86704108459389,2018-11-04T12:29:34.000Z
valentinaferragni,Skyway Monte Bianco,45.8196695,6.9543878,2018-11-03T19:18:03.000Z
valentinaferragni,"Saint-Vincent, Italy",45.7503861,7.647884,2018-11-03T14:24:53.000Z
valentinaferragni,Ristorante La Briciola,48.8640247,2.3639954,2018-10-30T21:57:20.000Z
valentinaferragni,BELDI Country Club,31.5702267,-8.028608,2018-10-30T19:45:16.000Z
valentinaferragni,"Furaveri Island Resort & Spa, Maldives",5.4406747,72.9083739,2018-11-22T18:57:59.000Z
valentinaferragni,"Furaveri Island Resort & Spa, Maldives",5.4406747,72.9083739,2018-11-24T11:31:44.000Z
valentinaferragni,"Furaveri Island Resort & Spa, Maldives",5.4406747,72.9083739,2018-11-24T18:46:51.000Z
valentinaferragni,"Furaveri Island Resort & Spa, Maldives",5.4406747,72.9083739,2018-11-25T20:04:16.000Z
valentinaferragni,"Furaveri Island Resort & Spa, Maldives",5.4406747,72.9083739,2018-11-26T11:38:36.000Z
valentinaferragni,"Furaveri Island Resort & Spa, Maldives",5.4406747,72.9083739,2018-11-26T19:50:13.000Z
valentinaferragni,"Milan, Italy",45.4667971,9.1904984,2018-11-29T20:23:45.000Z
valentinaferragni,"Milan, Italy",45.4667971,9.1904984,2018-12-01T17:23:18.000Z
valentinaferragni,"Vienna, Austria",48.2083537,16.3725042,2018-12-03T19:58:27.000Z
valentinaferragni,My Arbor,37.9615895,-121.7232868,2018-12-04T20:23:14.000Z
valentinaferragni,My Arbor,37.9615895,-121.7232868,2018-12-05T11:30:47.000Z
valentinaferragni,My Arbor,37.9615895,-121.7232868,2018-12-05T20:09:48.000Z
valentinaferragni,"Milan, Italy",45.4667971,9.1904984,2018-12-06T15:01:54.000Z
valentinaferragni,"Cortina d'Ampezzo, Italy",46.5383332,12.1373506,2018-12-07T20:13:51.000Z
valentinaferragni,"Cortina d'Ampezzo, Italy",46.5383332,12.1373506,2018-12-08T18:08:15.000Z
valentinaferragni,"Cortina d'Ampezzo, Italy",46.5383332,12.1373506,2018-12-09T14:11:57.000Z
valentinaferragni,"Treviso, Italy",45.6658505,12.2455414,2018-12-09T19:04:27.000Z
valentinaferragni,"Cortina d'Ampezzo, Italy",46.5383332,12.1373506,2018-12-10T12:19:05.000Z
valentinaferragni,"Milan, Italy",45.4667971,9.1904984,2018-12-10T17:51:59.000Z
valentinaferragni,Diorhouse Dior Training Center,,,2018-12-11T12:46:16.000Z
valentinaferragni,"Milan, Italy",45.4667971,9.1904984,2018-12-11T20:11:53.000Z
valentinaferragni,"Milan, Italy",45.4667971,9.1904984,2018-12-12T19:15:57.000Z
valentinaferragni,"Milan, Italy",45.4667971,9.1904984,2018-12-14T13:01:24.000Z
valentinaferragni,"Milan, Italy",45.4667971,9.1904984,2018-12-16T20:49:29.000Z
valentinaferragni,"Milan, Italy",45.4667971,9.1904984,2018-12-17T12:10:42.000Z
valentinaferragni,"Milan, Italy",45.4667971,9.1904984,2018-12-18T18:40:45.000Z
valentinaferragni,Gioiellerie Torelli,41.7121401,15.6373545,2018-12-19T16:11:24.000Z
valentinaferragni,"Milan, Italy",45.4667971,9.1904984,2018-12-20T12:55:41.000Z
valentinaferragni,Galleria Vittorio Emanuele,38.2418786,15.4313097,2018-12-21T17:13:50.000Z
valentinaferragni,Seiser Alm / Alpe di Siusi,46.5423625,11.6170037,2018-12-22T20:08:37.000Z
valentinaferragni,Seiser Alm / Alpe di Siusi,46.5423625,11.6170037,2018-12-23T12:40:27.000Z
valentinaferragni,Seiser Alm / Alpe di Siusi,46.5423625,11.6170037,2018-12-23T17:00:36.000Z
valentinaferragni,Seiser Alm / Alpe di Siusi,46.5423625,11.6170037,2018-12-24T09:27:21.000Z
valentinaferragni,Seiser Alm / Alpe di Siusi,46.5423625,11.6170037,2018-12-24T12:55:09.000Z
valentinaferragni,Seiser Alm / Alpe di Siusi,46.5423625,11.6170037,2018-12-24T16:28:20.000Z
valentinaferragni,Seiser Alm / Alpe di Siusi,46.5423625,11.6170037,2018-12-24T20:36:57.000Z
valentinaferragni,Seiser Alm / Alpe di Siusi,46.5423625,11.6170037,2018-12-25T12:01:57.000Z
valentinaferragni,Seiser Alm / Alpe di Siusi,46.5423625,11.6170037,2018-12-25T17:13:08.000Z
valentinaferragni,Seiser Alm / Alpe di Siusi,46.5423625,11.6170037,2018-12-25T20:21:51.000Z
valentinaferragni,Seiser Alm / Alpe di Siusi,46.5423625,11.6170037,2018-12-26T17:15:39.000Z
valentinaferragni,Seiser Alm / Alpe di Siusi,46.5423625,11.6170037,2018-12-27T15:06:30.000Z
valentinaferragni,"Dubai, United Arab Emirates",25.0750095,55.1887608818332,2018-12-28T21:15:33.000Z
valentinaferragni,Sydney Opera House,-33.85719805,151.215123384738,2018-12-30T11:53:32.000Z
valentinaferragni,"Sydney, Australia",-33.8548157,151.2164539,2018-12-30T17:07:31.000Z
valentinaferragni,"Sydney, Australia",-33.8548157,151.2164539,2018-12-31T15:06:38.000Z
valentinaferragni,Bondi Beach,-33.8906977,151.2724119,2019-01-01T11:56:37.000Z
valentinaferragni,Coogee To Bondi Coastwalk,-33.918745,151.258618,2019-01-02T11:51:27.000Z
valentinaferragni,Uluru / Ayers Rock,-25.3455545,131.036961474702,2019-01-03T11:46:01.000Z
valentinaferragni,Uluṟu-Kata Tjuṯa National Park,-25.343202,131.037928,2019-01-03T18:14:23.000Z
valentinaferragni,Lone Pine Koala Sanctuary,-27.5351471,152.968394546665,2019-01-04T11:38:24.000Z
valentinaferragni,Lone Pine Koala Sanctuary,-27.5351471,152.968394546665,2019-01-05T10:43:25.000Z
valentinaferragni,"Byron Bay, New South Wales",-28.6483333,153.6177778,2019-01-05T19:52:27.000Z
valentinaferragni,Byron Bay Lighthouse,-28.6387216,153.6363343,2019-01-06T12:18:37.000Z
valentinaferragni,"Sydney, Australia",-33.8548157,151.2164539,2019-01-06T20:50:45.000Z
valentinaferragni,"Sydney, Australia",-33.8548157,151.2164539,2019-01-07T19:40:29.000Z
valentinaferragni,Uluru / Ayers Rock,-25.3455545,131.036961474702,2019-01-09T19:53:58.000Z
valentinaferragni,"Milan, Italy",45.4667971,9.1904984,2019-01-10T18:00:30.000Z
valentinaferragni,"Milan, Italy",45.4667971,9.1904984,2019-01-12T17:18:44.000Z
valentinaferragni,"Milan, Italy",45.4667971,9.1904984,2019-01-13T12:46:52.000Z
valentinaferragni,Galleria Vittorio Emanuele,38.2418786,15.4313097,2019-01-13T18:42:47.000Z
valentinaferragni,"Milan, Italy",45.4667971,9.1904984,2019-01-14T12:22:12.000Z
valentinaferragni,"Milan, Italy",45.4667971,9.1904984,2019-01-16T12:57:02.000Z
valentinaferragni,"Milan, Italy",45.4667971,9.1904984,2019-01-17T17:22:19.000Z
valentinaferragni,"Milan, Italy",45.4667971,9.1904984,2019-01-18T12:58:12.000Z
valentinaferragni,Duomo di Milano - Milan Cathedral,45.46416835,9.19162110961411,2019-01-18T20:27:28.000Z
valentinaferragni,"Paris, France",48.8566101,2.3514992,2019-01-20T12:05:28.000Z
valentinaferragni,"Hôtel de Crillon, A Rosewood Hotel",48.867656,2.321402,2019-01-21T11:39:44.000Z
valentinaferragni,"Paris, France",48.8566101,2.3514992,2019-01-21T17:42:22.000Z
valentinaferragni,"Hôtel de Crillon, A Rosewood Hotel",48.867656,2.321402,2019-01-22T09:20:22.000Z
valentinaferragni,"Paris, France",48.8566101,2.3514992,2019-01-22T14:27:47.000Z
valentinaferragni,"Paris, France",48.8566101,2.3514992,2019-01-22T17:54:34.000Z
valentinaferragni,"Paris, France",48.8566101,2.3514992,2019-01-23T13:06:47.000Z
valentinaferragni,"Paris, France",48.8566101,2.3514992,2019-01-23T18:36:24.000Z
valentinaferragni,"Paris, France",48.8566101,2.3514992,2019-01-24T13:35:17.000Z
valentinaferragni,Centre Pompidou,48.8605918,2.35247431766534,2019-01-25T18:27:22.000Z
valentinaferragni,Penelope a casa Milano,45.451679,9.197493,2019-01-29T13:01:37.000Z
valentinaferragni,"Milan, Italy",45.4667971,9.1904984,2019-01-31T13:29:09.000Z
valentinaferragni,"Sesto, Trentino-Alto Adige, Italy",46.7027185,12.349573,2019-02-02T13:41:29.000Z
valentinaferragni,"Sesto, Trentino-Alto Adige, Italy",46.7027185,12.349573,2019-02-03T12:29:49.000Z
valentinaferragni,"Milan, Italy",45.4667971,9.1904984,2019-02-06T12:24:51.000Z
valentinaferragni,"Milan, Italy",45.4667971,9.1904984,2019-02-08T13:30:42.000Z
valentinaferragni,"Milan, Italy",45.4667971,9.1904984,2019-02-09T13:13:39.000Z
valentinaferragni,"Milan, Italy",45.4667971,9.1904984,2019-02-10T13:03:03.000Z
valentinaferragni,Teatro Vetra Milano,45.4615135,9.1918702,2019-02-10T20:25:38.000Z
valentinaferragni,"Drogheria Milanese Via Conca del Naviglio, 7 Milano",45.457882,9.177866,2019-02-11T13:33:53.000Z
valentinaferragni,"Milan, Italy",45.4667971,9.1904984,2019-02-12T19:33:23.000Z
valentinaferragni,"Milan, Italy",45.4667971,9.1904984,2019-02-14T18:52:47.000Z
valentinaferragni,Copenhagen,55.6867243,12.5700724,2019-02-15T13:55:28.000Z
valentinaferragni,"Nyhavn Canal, Copenhagen",55.6800411,12.5897394279283,2019-02-16T14:24:17.000Z
valentinaferragni,Rosenborg Castle,55.6856935,12.5774198885742,2019-02-16T18:26:25.000Z
valentinaferragni,Superkilen,55.6996781,12.5423969243662,2019-02-17T17:10:45.000Z
valentinaferragni,"Tivoli Gardens, Copenhagen",55.67332115,12.5690128177633,2019-02-17T19:47:33.000Z
valentinaferragni,"Tivoli Gardens, Copenhagen",55.67332115,12.5690128177633,2019-02-18T18:12:43.000Z
valentinaferragni,"Milan, Italy",45.4667971,9.1904984,2019-02-20T17:15:02.000Z
valentinaferragni,"Milan, Italy",45.4667971,9.1904984,2019-02-20T19:05:53.000Z
valentinaferragni,Duomo di Milano - Milan Cathedral,45.46416835,9.19162110961411,2019-02-20T22:33:59.000Z
valentinaferragni,"Milan, Italy",45.4667971,9.1904984,2019-02-21T16:22:11.000Z
valentinaferragni,"Madrid, Spain",40.4167047,-3.7035825,2019-02-21T19:58:30.000Z
valentinaferragni,"Milan, Italy",45.4667971,9.1904984,2019-02-22T12:27:27.000Z
valentinaferragni,"Milan, Italy",45.4667971,9.1904984,2019-02-22T18:26:20.000Z
valentinaferragni,"Milan, Italy",45.4667971,9.1904984,2019-02-23T15:57:11.000Z
valentinaferragni,Hotel Lutetia Paris,48.85109845,2.32748445351782,2019-02-25T20:47:35.000Z
valentinaferragni,Hotel Lutetia Paris,48.85109845,2.32748445351782,2019-02-26T12:48:41.000Z
valentinaferragni,Pont Alexandre III,48.8629974,2.3134662,2019-02-26T18:23:46.000Z
valentinaferragni,"Paris, France",48.8566101,2.3514992,2019-02-27T15:04:48.000Z
valentinaferragni,"Paris, France",48.8566101,2.3514992,2019-02-27T18:28:04.000Z
valentinaferragni,Restaurant L 'Avenue,32.847389,-117.227402,2019-03-01T12:30:02.000Z
valentinaferragni,Velavevodetto,41.9094116,12.4639905,2019-03-03T20:31:31.000Z
valentinaferragni,"Colosseo, Roma, Italia",41.8902614,12.4930871035955,2019-03-03T22:34:29.000Z
valentinaferragni,Fendi Private suite,41.904470,12.478259,2019-03-04T18:05:19.000Z
valentinaferragni,"Piazza Di Spagna, Roma",41.9057808,12.4821021850333,2019-03-05T12:54:33.000Z
valentinaferragni,Fontana Di Trevi-Roma,41.9009778,12.4832849738166,2019-03-05T18:44:19.000Z
valentinaferragni,上海 外灘 the Bund Shanghai,31.2384032,121.486426689274,2019-03-06T13:12:24.000Z
valentinaferragni,"Shanghai, China",31.2252985,121.4890497,2019-03-07T11:02:05.000Z
valentinaferragni,The Peninsula 上海半岛酒店,44.5126187,-121.2889329,2019-03-08T11:43:55.000Z
valentinaferragni,Fosun art Foundation,31.226787,121.497505,2019-03-08T16:54:15.000Z
valentinaferragni,The Peninsula Hotel Shanghai,31.2432516,121.4850649,2019-03-09T13:24:22.000Z
valentinaferragni,"Milan, Italy",45.4667971,9.1904984,2019-03-10T19:20:10.000Z
valentinaferragni,"Milan, Italy",45.4667971,9.1904984,2019-03-11T14:19:02.000Z
valentinaferragni,The Peninsula 上海半岛酒店,44.5126187,-121.2889329,2019-03-11T19:05:33.000Z
valentinaferragni,"Milan, Italy",45.4667971,9.1904984,2019-03-15T17:19:05.000Z
valentinaferragni,"Milan, Italy",45.4667971,9.1904984,2019-03-18T18:10:08.000Z
valentinaferragni,"Milan, Italy",45.4667971,9.1904984,2019-03-19T17:00:11.000Z
valentinaferragni,"Milan, Italy",45.4667971,9.1904984,2019-03-21T18:23:15.000Z
valentinaferragni,"Milan, Italy",45.4667971,9.1904984,2019-03-24T20:12:50.000Z
valentinaferragni,"Milan, Italy",45.4667971,9.1904984,2019-03-25T17:39:35.000Z
valentinaferragni,"Milan, Italy",45.4667971,9.1904984,2019-03-26T17:02:23.000Z
valentinaferragni,"Milan, Italy",45.4667971,9.1904984,2019-03-28T15:58:51.000Z
valentinaferragni,Ceresio 7 Pools & Restaurant,45.483648,9.180217,2019-03-30T17:55:45.000Z
valentinaferragni,"Milan, Italy",45.4667971,9.1904984,2019-04-01T18:49:01.000Z
valentinaferragni,"Milan, Italy",45.4667971,9.1904984,2019-04-04T15:31:24.000Z
valentinaferragni,"Palm Springs, California",33.8246269,-116.540303,2019-04-04T18:33:42.000Z
valentinaferragni,"Rome, Italy",41.894802,12.4853384,2019-04-05T15:11:38.000Z
valentinaferragni,"Los Angeles, California",34.0536909,-118.2427666,2019-04-07T19:54:38.000Z
valentinaferragni,Hollywood Sign,34.1340991,-118.3216523,2019-04-08T07:07:40.000Z
valentinaferragni,Hollywood Sign,34.1340991,-118.3216523,2019-04-08T17:26:12.000Z
valentinaferragni,"Los Angeles, California",34.0536909,-118.2427666,2019-04-09T07:16:26.000Z
valentinaferragni,"Los Angeles, California",34.0536909,-118.2427666,2019-04-09T18:14:21.000Z
valentinaferragni,"Beverly Hills, California",34.0696501,-118.3963062,2019-04-10T08:04:16.000Z
valentinaferragni,"Los Angeles, California",34.0536909,-118.2427666,2019-04-10T15:37:53.000Z
valentinaferragni,"Los Angeles, California",34.0536909,-118.2427666,2019-04-10T19:02:34.000Z
valentinaferragni,"Los Angeles, California",34.0536909,-118.2427666,2019-04-11T15:43:26.000Z
valentinaferragni,Chateau Marmont,34.09824975,-118.368404879756,2019-04-11T21:09:33.000Z
valentinaferragni,"Palm Springs, California",33.8246269,-116.540303,2019-04-12T19:51:03.000Z
valentinaferragni,Coachella Music Festival,33.6800497,-116.243553213098,2019-04-13T08:09:15.000Z
valentinaferragni,Coachella Music Festival,33.6800497,-116.243553213098,2019-04-13T19:20:42.000Z
valentinaferragni,Coachella Music Festival,33.6800497,-116.243553213098,2019-04-14T08:03:14.000Z
valentinaferragni,Coachella Music Festival,33.6800497,-116.243553213098,2019-04-15T09:36:46.000Z
valentinaferragni,"Palm Springs, California",33.8246269,-116.540303,2019-04-15T18:21:03.000Z
valentinaferragni,"Palm Springs, California",33.8246269,-116.540303,2019-04-16T08:13:20.000Z
valentinaferragni,"Los Angeles, California",34.0536909,-118.2427666,2019-04-16T16:31:50.000Z
valentinaferragni,"Indio, California",33.743765,-116.223315249664,2019-04-18T18:31:37.000Z
valentinaferragni,"Genova, Italy",44.40726,8.9338624,2019-04-20T18:41:45.000Z
valentinaferragni,Portofino,44.3036653,9.2093446,2019-04-21T19:45:20.000Z
valentinaferragni,Camogli,44.349247,9.158863,2019-04-22T16:45:52.000Z
valentinaferragni,"Barcelona, Spain",41.3828939,2.1774322,2019-04-25T12:09:31.000Z
valentinaferragni,Hotel Arts Barcelona,41.38689145,2.196222075,2019-04-25T18:44:50.000Z
valentinaferragni,"Barcelona, Spain",41.3828939,2.1774322,2019-04-26T12:36:34.000Z
valentinaferragni,"Barcelona, Spain",41.3828939,2.1774322,2019-04-26T20:16:47.000Z
valentinaferragni,"Montjuich, Cataluna, Spain",41.364187,2.167480,2019-04-27T12:09:12.000Z
valentinaferragni,"Barcelona, Spain",41.3828939,2.1774322,2019-04-27T18:25:49.000Z
valentinaferragni,"Milan, Italy",45.4667971,9.1904984,2019-04-29T19:41:58.000Z
valentinaferragni,"Milan, Italy",45.4667971,9.1904984,2019-04-30T18:03:14.000Z
